Instrument,Transactions,Qty Held,Avg Buy Price,Invested,Current Value,Allocation %,Gain/Loss %,Net Cashflow,XIRR,Holding Period (Days),First Date,Last Date
Salasar Techno Engg,3,480,50.5667,24272.00,36720.00,5.2031,51.2854,12448.00,,112,2026-05-02,2026-04-23
Ashoka Buildcon,16,1600,125.1688,200270.00,182240.00,25.8230,-9.0028,-18030.00,,80,2026-06-03,2026-05-31
Larsen & Toubro,2,200,292.6000,58520.00,68000.00,9.6354,16.1996,9480.00,,292,2025-11-03,2025-09-13
AGI Greenpac,2,20,589.6500,11793.00,14120.00,2.0008,19.7320,2327.00,,87,2026-05-27,2026-05-27
Bajaj Finance,1,120,895.0000,107400.00,130440.00,18.4831,21.4525,23040.00,,95,2026-05-19,2026-05-19
HDFC Bank,1,200,772.0000,154400.00,145400.00,20.6029,-5.8290,-9000.00,,95,2026-05-19,2026-05-19
Bank of Baroda,2,300,263.3333,79000.00,75300.00,10.6698,-4.6835,-3700.00,,194,2026-02-09,2026-03-30
DAM Capital Advisors,1,50,145.9800,7299.00,7307.50,1.0355,0.1165,8.50,,10,2026-08-12,2026-08-12
Bharat Coking Coal,2,200,222.8000,44560.00,46200.00,6.5464,3.6804,1640.00,,48,2026-07-05,2026-06-21
